geneNames,gene_soruce,SNP_NUM
YDL174C,gene from yeastGEM,7670
YEL039C,gene from yeastGEM,820
YJR048W,gene from yeastGEM,61
YEL071W,gene from yeastGEM,4357
YDL178W,gene from yeastGEM,5731
YAL060W,gene from yeastGEM,13225
YML054C,gene from yeastGEM,5771
YGR032W,gene from yeastGEM,15690
YLR342W,gene from yeastGEM,43359
YCR034W,gene from yeastGEM,1203
YLR372W,gene from yeastGEM,1038
YGR143W,gene from yeastGEM,3559
YPR159W,gene from yeastGEM,3246
YIL020C,gene from yeastGEM,1049
YHR037W,gene from yeastGEM,5266
YEL038W,gene from yeastGEM,7697
YMR009W,gene from yeastGEM,3374
YOL066C,gene from yeastGEM,7884
YBR153W,gene from yeastGEM,6344
YCL009C,gene from yeastGEM,2680
YMR108W,gene from yeastGEM,3984
YNL256W,gene from yeastGEM,6132
YER152C,gene from yeastGEM,4265
YGL202W,gene from yeastGEM,4872
YJL060W,gene from yeastGEM,6047
YHR063C,gene from yeastGEM,3083
YDR035W,gene from yeastGEM,2196
YBR249C,gene from yeastGEM,2329
YDR204W,gene from yeastGEM,1630
YGL119W,gene from yeastGEM,4243
YGR255C,gene from yeastGEM,5540
YLR201C,gene from yeastGEM,2179
YML110C,gene from yeastGEM,4323
YOL096C,gene from yeastGEM,6765
YOR125C,gene from yeastGEM,3113
YGL009C,gene from yeastGEM,5769
YNL104C,gene from yeastGEM,6447
YOR108W,gene from yeastGEM,8410
YHR208W,gene from yeastGEM,3016
YJR148W,gene from yeastGEM,6003
YHR137W,gene from yeastGEM,5507
YDR234W,gene from yeastGEM,3849
YPR001W,gene from yeastGEM,2184
YOL064C,gene from yeastGEM,7741
YGL248W,gene from yeastGEM,3428
YOR360C,gene from yeastGEM,1794
YDR487C,gene from yeastGEM,853
YDR127W,gene from yeastGEM,7598
YBR265W,gene from yeastGEM,2169
YPL252C,gene from yeastGEM,473
YDR376W,gene from yeastGEM,3769
YDR538W,gene from yeastGEM,6258
YDR539W,gene from yeastGEM,2550
YLR231C,gene from yeastGEM,5161
YKR009C,gene from yeastGEM,4717
YJR025C,gene from yeastGEM,2072
YER175C,gene from yeastGEM,2858
YCL018W,gene from yeastGEM,5305
YGR087C,gene from yeastGEM,6203
YLR044C,gene from yeastGEM,1375
YLR134W,gene from yeastGEM,4974
YBR176W,gene from yeastGEM,4299
YDL080C,gene from yeastGEM,8791
YNR033W,gene from yeastGEM,12900
YMR289W,gene from yeastGEM,4144
YGR019W,gene from yeastGEM,2782
YCR053W,gene from yeastGEM,2918
YLR410W,gene from yeastGEM,14739
YOR163W,gene from yeastGEM,1645
YDR017C,gene from yeastGEM,6510
YLR017W,gene from yeastGEM,3114
YER037W,gene from yeastGEM,2101
YGL224C,gene from yeastGEM,2081
YOR155C,gene from yeastGEM,3047
YGR061C,gene from yeastGEM,6109
YGL125W,gene from yeastGEM,5350
YPL023C,gene from yeastGEM,8617
YDR232W,gene from yeastGEM,6425
YER183C,gene from yeastGEM,2445
YER091C,gene from yeastGEM,2454
YJR024C,gene from yeastGEM,3506
YPR118W,gene from yeastGEM,2657
YIL107C,gene from yeastGEM,6247
YOL136C,gene from yeastGEM,5315
YGR248W,gene from yeastGEM,5827
YHR163W,gene from yeastGEM,2037
YAR069W-A,gene from yeastGEM,0
YHR214W-F,gene from yeastGEM,0
YLR355C,gene from yeastGEM,488
YKL192C,gene from yeastGEM,913
YIL160C,gene from yeastGEM,6505
YPL028W,gene from yeastGEM,4950
YMR207C,gene from yeastGEM,18736
YDL141W,gene from yeastGEM,9491
YNR016C,gene from yeastGEM,20514
YBL015W,gene from yeastGEM,4304
YAL054C,gene from yeastGEM,9978
YLR153C,gene from yeastGEM,3992
YER069W,gene from yeastGEM,3390
YBR093C,gene from yeastGEM,5804
YAR071W,gene from yeastGEM,23
YBR092C,gene from yeastGEM,8957
YHR215W,gene from yeastGEM,94
YPR002W,gene from yeastGEM,833
YOL140W,gene from yeastGEM,7104
YPL148C,gene from yeastGEM,1501
YGL205W,gene from yeastGEM,13433
YCR048W,gene from yeastGEM,5385
YNR019W,gene from yeastGEM,4418
YJL091C,gene from yeastGEM,5102
YNL141W,gene from yeastGEM,959
YML022W,gene from yeastGEM,1673
YJR105W,gene from yeastGEM,3123
YML035C,gene from yeastGEM,4467
YER043C,gene from yeastGEM,2481
YOL052C,gene from yeastGEM,4029
YNR058W,gene from yeastGEM,4190
YJL005W,gene from yeastGEM,14949
YDR226W,gene from yeastGEM,1378
YER170W,gene from yeastGEM,1114
YLR359W,gene from yeastGEM,3995
YNL220W,gene from yeastGEM,3717
YKL001C,gene from yeastGEM,676
YGR247W,gene from yeastGEM,4994
YFL030W,gene from yeastGEM,8207
YOR335C,gene from yeastGEM,6446
YGR177C,gene from yeastGEM,5580
YOR377W,gene from yeastGEM,3639
YMR303C,gene from yeastGEM,4043
YDR368W,gene from yeastGEM,1630
YHR104W,gene from yeastGEM,1274
YGL256W,gene from yeastGEM,13311
YMR083W,gene from yeastGEM,667
YBR145W,gene from yeastGEM,3495
YDL168W,gene from yeastGEM,5964
YOL086C,gene from yeastGEM,2081
YCR105W,gene from yeastGEM,1016
YMR318C,gene from yeastGEM,3781
YMR169C,gene from yeastGEM,9112
YMR170C,gene from yeastGEM,5636
YPL061W,gene from yeastGEM,3017
YOR374W,gene from yeastGEM,2623
YER073W,gene from yeastGEM,2674
YDR481C,gene from yeastGEM,5324
YIR029W,gene from yeastGEM,3863
YIR027C,gene from yeastGEM,6362
YBR208C,gene from yeastGEM,21818
YBR199W,gene from yeastGEM,7966
YBR205W,gene from yeastGEM,4775
YDR483W,gene from yeastGEM,6693
YJL139C,gene from yeastGEM,4617
YKR061W,gene from yeastGEM,6789
YNL029C,gene from yeastGEM,8968
YOR099W,gene from yeastGEM,6544
YPL053C,gene from yeastGEM,1873
YPR026W,gene from yeastGEM,9692
YDR001C,gene from yeastGEM,3471
YBR126C,gene from yeastGEM,6867
YDR074W,gene from yeastGEM,10581
YMR261C,gene from yeastGEM,7057
YML100W,gene from yeastGEM,11734
YBR299W,gene from yeastGEM,34
YGR287C,gene from yeastGEM,8280
YGR292W,gene from yeastGEM,0
YIL172C,gene from yeastGEM,0
YJL216C,gene from yeastGEM,5444
YJL221C,gene from yeastGEM,0
YMR293C,gene from yeastGEM,5771
YDR354W,gene from yeastGEM,5225
YER090W,gene from yeastGEM,2637
YKL211C,gene from yeastGEM,9940
YDR305C,gene from yeastGEM,1393
YPL111W,gene from yeastGEM,2808
YHR018C,gene from yeastGEM,2794
YOL058W,gene from yeastGEM,3085
YDR341C,gene from yeastGEM,4744
YHR091C,gene from yeastGEM,3048
YGR124W,gene from yeastGEM,4435
YPR145W,gene from yeastGEM,3290
YHR019C,gene from yeastGEM,3114
YCR024C,gene from yeastGEM,1958
YJL130C,gene from yeastGEM,20342
YER052C,gene from yeastGEM,3015
YLR027C,gene from yeastGEM,5330
YKL106W,gene from yeastGEM,4150
YDR158W,gene from yeastGEM,1078
YLL018C,gene from yeastGEM,5845
YPL104W,gene from yeastGEM,8631
YDR530C,gene from yeastGEM,5463
YCL050C,gene from yeastGEM,2461
YER055C,gene from yeastGEM,3456
Q0080,gene from yeastGEM,0
Q0085,gene from yeastGEM,0
Q0130,gene from yeastGEM,0
YBL099W,gene from yeastGEM,3719
YBR039W,gene from yeastGEM,1577
YDL004W,gene from yeastGEM,1902
YDR298C,gene from yeastGEM,3594
YDR322C-A,gene from yeastGEM,83
YDR377W,gene from yeastGEM,1299
YJR121W,gene from yeastGEM,4628
YKL016C,gene from yeastGEM,1653
YLR295C,gene from yeastGEM,2543
YML081C-A,gene from yeastGEM,22
YPL078C,gene from yeastGEM,1120
YPL271W,gene from yeastGEM,85
YPR020W,gene from yeastGEM,505
YCR024C-A,gene from yeastGEM,25
YEL017C-A,gene from yeastGEM,18
YGL008C,gene from yeastGEM,8452
YPL036W,gene from yeastGEM,16418
YER005W,gene from yeastGEM,3504
YBR110W,gene from yeastGEM,4691
YGR286C,gene from yeastGEM,1400
YNL280C,gene from yeastGEM,3287
YMR015C,gene from yeastGEM,1495
YGL001C,gene from yeastGEM,831
YLR100W,gene from yeastGEM,3882
YGR060W,gene from yeastGEM,1560
YLR056W,gene from yeastGEM,2294
YMR202W,gene from yeastGEM,929
YGL012W,gene from yeastGEM,3455
YDL090C,gene from yeastGEM,5546
YKL019W,gene from yeastGEM,2449
YJR109C,gene from yeastGEM,8479
YOR303W,gene from yeastGEM,4768
YAR035W,gene from yeastGEM,9496
YER024W,gene from yeastGEM,14186
YML042W,gene from yeastGEM,7416
YGR088W,gene from yeastGEM,6232
YDR256C,gene from yeastGEM,2399
YDR297W,gene from yeastGEM,5403
YMR272C,gene from yeastGEM,1320
YHL003C,gene from yeastGEM,3775
YMR298W,gene from yeastGEM,327
YKL008C,gene from yeastGEM,3720
YLR307W,gene from yeastGEM,3917
YLR308W,gene from yeastGEM,6105
YBR023C,gene from yeastGEM,8243
YBR038W,gene from yeastGEM,6113
YNL192W,gene from yeastGEM,10621
YLR133W,gene from yeastGEM,3078
YGR202C,gene from yeastGEM,4452
YPR060C,gene from yeastGEM,1544
YGL148W,gene from yeastGEM,2121
YLR304C,gene from yeastGEM,6327
YBR002C,gene from yeastGEM,2457
YMR101C,gene from yeastGEM,3968
YNR001C,gene from yeastGEM,956
YCR005C,gene from yeastGEM,1951
YDR044W,gene from yeastGEM,1013
YBL039C,gene from yeastGEM,6873
YJR103W,gene from yeastGEM,5736
YGL184C,gene from yeastGEM,1988
YGR155W,gene from yeastGEM,4784
YAL012W,gene from yeastGEM,3224
YJR130C,gene from yeastGEM,4982
YLR303W,gene from yeastGEM,2249
YNL247W,gene from yeastGEM,6191
YLR245C,gene from yeastGEM,274
YNR012W,gene from yeastGEM,4132
YHR007C,gene from yeastGEM,2739
YHR042W,gene from yeastGEM,7273
YPR062W,gene from yeastGEM,490
YML086C,gene from yeastGEM,4310
YMR041C,gene from yeastGEM,1695
YBR149W,gene from yeastGEM,2720
YKL060C,gene from yeastGEM,2118
YJR159W,gene from yeastGEM,0
YHR144C,gene from yeastGEM,8004
YDR454C,gene from yeastGEM,1317
YHR068W,gene from yeastGEM,1849
YCR036W,gene from yeastGEM,3474
YDR196C,gene from yeastGEM,2509
YNR057C,gene from yeastGEM,1806
YPL087W,gene from yeastGEM,1967
YOR236W,gene from yeastGEM,1162
YMR113W,gene from yeastGEM,3978
YDL100C,gene from yeastGEM,4206
YLR420W,gene from yeastGEM,8563
YJR016C,gene from yeastGEM,3292
YFL053W,gene from yeastGEM,4454
YML070W,gene from yeastGEM,5123
YJL167W,gene from yeastGEM,5739
YKL152C,gene from yeastGEM,1148
YLR172C,gene from yeastGEM,3165
YMR013C,gene from yeastGEM,3122
YPR183W,gene from yeastGEM,3464
YAL023C,gene from yeastGEM,4395
YDL095W,gene from yeastGEM,11510
YDL093W,gene from yeastGEM,12611
YJR143C,gene from yeastGEM,6955
YOR321W,gene from yeastGEM,5217
YJR057W,gene from yeastGEM,4223
YBR252W,gene from yeastGEM,589
YJR153W,gene from yeastGEM,2840
YGR254W,gene from yeastGEM,1696
YHR174W,gene from yeastGEM,1005
YDR147W,gene from yeastGEM,2331
YOR126C,gene from yeastGEM,3111
YDR261C,gene from yeastGEM,4179
YGR282C,gene from yeastGEM,1661
YLR300W,gene from yeastGEM,4242
YNR067C,gene from yeastGEM,11377
YOR190W,gene from yeastGEM,3486
YPL069C,gene from yeastGEM,1028
YER015W,gene from yeastGEM,2943
YOR176W,gene from yeastGEM,932
YKR066C,gene from yeastGEM,7744
Q0045,gene from yeastGEM,0
Q0250,gene from yeastGEM,0
Q0275,gene from yeastGEM,0
YDL067C,gene from yeastGEM,977
YGL187C,gene from yeastGEM,532
YGL191W,gene from yeastGEM,3448
YHR051W,gene from yeastGEM,274
YIL111W,gene from yeastGEM,2968
YLR038C,gene from yeastGEM,90
YLR395C,gene from yeastGEM,257
YMR256C,gene from yeastGEM,68
YNL052W,gene from yeastGEM,556
Q0105,gene from yeastGEM,0
YBL045C,gene from yeastGEM,1778
YDR529C,gene from yeastGEM,1092
YEL024W,gene from yeastGEM,2790
YFR033C,gene from yeastGEM,746
YGR183C,gene from yeastGEM,3330
YHR001W-A,gene from yeastGEM,1251
YJL166W,gene from yeastGEM,55
YOR065W,gene from yeastGEM,3077
YPR191W,gene from yeastGEM,6498
YDL045C,gene from yeastGEM,2251
YLR011W,gene from yeastGEM,1084
YOR388C,gene from yeastGEM,10
YGR204W,gene from yeastGEM,13299
YBR084W,gene from yeastGEM,10049
YJL155C,gene from yeastGEM,6229
YLR377C,gene from yeastGEM,9443
YPL262W,gene from yeastGEM,1637
YKL216W,gene from yeastGEM,6730
YEL047C,gene from yeastGEM,3134
YLR299W,gene from yeastGEM,9753
YBR020W,gene from yeastGEM,2087
YBR018C,gene from yeastGEM,1813
YJL101C,gene from yeastGEM,4806
YPR184W,gene from yeastGEM,13059
YIL099W,gene from yeastGEM,4296
YNL241C,gene from yeastGEM,2805
YBR196C,gene from yeastGEM,6958
YDR300C,gene from yeastGEM,1622
YMR250W,gene from yeastGEM,7638
YDL215C,gene from yeastGEM,15091
YAL062W,gene from yeastGEM,10614
YOR375C,gene from yeastGEM,982
YDL171C,gene from yeastGEM,29521
YOR323C,gene from yeastGEM,2595
YMR096W,gene from yeastGEM,1610
YMR095C,gene from yeastGEM,1384
YPR035W,gene from yeastGEM,999
YKL104C,gene from yeastGEM,6229
YOR168W,gene from yeastGEM,3301
YGL245W,gene from yeastGEM,6499
YOL033W,gene from yeastGEM,2721
YCL035C,gene from yeastGEM,409
YPL091W,gene from yeastGEM,4706
YDR098C,gene from yeastGEM,1613
YDR513W,gene from yeastGEM,1861
YER174C,gene from yeastGEM,4225
YPL059W,gene from yeastGEM,3407
YBR244W,gene from yeastGEM,645
YIR037W,gene from yeastGEM,1584
YKL026C,gene from yeastGEM,1206
YOL049W,gene from yeastGEM,4628
YGR192C,gene from yeastGEM,4070
YJL052W,gene from yeastGEM,2693
YJR009C,gene from yeastGEM,253
YOR120W,gene from yeastGEM,2978
YHL032C,gene from yeastGEM,6671
YER062C,gene from yeastGEM,1612
YIL053W,gene from yeastGEM,1621
YIL155C,gene from yeastGEM,7478
YDL022W,gene from yeastGEM,834
YOL059W,gene from yeastGEM,2836
YPL110C,gene from yeastGEM,10604
YDR408C,gene from yeastGEM,892
YAL044C,gene from yeastGEM,1195
YDR019C,gene from yeastGEM,1730
YFL018C,gene from yeastGEM,13022
YMR189W,gene from yeastGEM,4904
YLR058C,gene from yeastGEM,4027
YBR263W,gene from yeastGEM,2218
YDR148C,gene from yeastGEM,1781
YIL125W,gene from yeastGEM,4985
YFR015C,gene from yeastGEM,12500
YJL137C,gene from yeastGEM,3616
YKR058W,gene from yeastGEM,14665
YLR258W,gene from yeastGEM,10175
YPR160W,gene from yeastGEM,5233
YBR121C,gene from yeastGEM,5621
YPR081C,gene from yeastGEM,4122
YMR217W,gene from yeastGEM,2345
YMR281W,gene from yeastGEM,1482
YCL052C,gene from yeastGEM,3568
YJR013W,gene from yeastGEM,4379
YKL165C,gene from yeastGEM,6413
YBR004C,gene from yeastGEM,4223
YGL142C,gene from yeastGEM,5608
YDR302W,gene from yeastGEM,1761
YLL031C,gene from yeastGEM,11140
YGR267C,gene from yeastGEM,1077
YBL033C,gene from yeastGEM,5751
YDL238C,gene from yeastGEM,4775
YDR399W,gene from yeastGEM,636
YPL172C,gene from yeastGEM,4370
YFR053C,gene from yeastGEM,7897
YGL253W,gene from yeastGEM,2146
YCL040W,gene from yeastGEM,4433
YCL030C,gene from yeastGEM,7967
YFR025C,gene from yeastGEM,4129
YIL116W,gene from yeastGEM,3636
YPR033C,gene from yeastGEM,2648
YBR034C,gene from yeastGEM,691
YDL131W,gene from yeastGEM,3978
YDL182W,gene from yeastGEM,1645
YLL062C,gene from yeastGEM,1715
YPL273W,gene from yeastGEM,3702
YIL094C,gene from yeastGEM,1239
YJR139C,gene from yeastGEM,1144
YHR025W,gene from yeastGEM,5160
YNL277W,gene from yeastGEM,4214
YDR453C,gene from yeastGEM,633
YGR209C,gene from yeastGEM,3887
YLR043C,gene from yeastGEM,84
YBL064C,gene from yeastGEM,1575
YCR083W,gene from yeastGEM,1029
YLR109W,gene from yeastGEM,792
YDR272W,gene from yeastGEM,2054
YOR040W,gene from yeastGEM,3270
YNR041C,gene from yeastGEM,3646
YPL214C,gene from yeastGEM,2420
YDL205C,gene from yeastGEM,501
YLR450W,gene from yeastGEM,15982
YML075C,gene from yeastGEM,8694
YML126C,gene from yeastGEM,1804
YOL055C,gene from yeastGEM,1806
YPL258C,gene from yeastGEM,3961
YPR121W,gene from yeastGEM,3176
YBR248C,gene from yeastGEM,2288
YOR202W,gene from yeastGEM,1383
YHR216W,gene from yeastGEM,3769
YLR432W,gene from yeastGEM,2285
YML056C,gene from yeastGEM,8858
YBR011C,gene from yeastGEM,1528
YMR267W,gene from yeastGEM,6537
YLR028C,gene from yeastGEM,4526
YMR120C,gene from yeastGEM,5888
YDR315C,gene from yeastGEM,1672
YDR173C,gene from yeastGEM,1590
YER019W,gene from yeastGEM,6145
YNL037C,gene from yeastGEM,1426
YOR136W,gene from yeastGEM,5360
YLR174W,gene from yeastGEM,5806
YNL009W,gene from yeastGEM,9140
YER065C,gene from yeastGEM,2001
YBL076C,gene from yeastGEM,5381
YPL040C,gene from yeastGEM,16661
YPL117C,gene from yeastGEM,1681
YGR244C,gene from yeastGEM,1042
YOR142W,gene from yeastGEM,4070
YBL098W,gene from yeastGEM,4467
YLR089C,gene from yeastGEM,6141
YEL046C,gene from yeastGEM,4523
YMR226C,gene from yeastGEM,1003
YBR115C,gene from yeastGEM,16818
YGL154C,gene from yeastGEM,6628
YDR321W,gene from yeastGEM,4162
YLR155C,gene from yeastGEM,0
YLR157C,gene from yeastGEM,0
YLR158C,gene from yeastGEM,0
YLR160C,gene from yeastGEM,0
YER023W,gene from yeastGEM,3576
YOL151W,gene from yeastGEM,17879
YCL064C,gene from yeastGEM,3201
YER086W,gene from yeastGEM,1981
YJR078W,gene from yeastGEM,6771
YDR403W,gene from yeastGEM,13254
YML004C,gene from yeastGEM,4786
YHR072W,gene from yeastGEM,1940
YPL160W,gene from yeastGEM,5997
YLR382C,gene from yeastGEM,9748
YNL045W,gene from yeastGEM,5838
YDR037W,gene from yeastGEM,2297
YNL073W,gene from yeastGEM,5494
YKL085W,gene from yeastGEM,1903
YOL126C,gene from yeastGEM,5815
YDL078C,gene from yeastGEM,1134
YIR031C,gene from yeastGEM,3885
YNL117W,gene from yeastGEM,4832
YKL029C,gene from yeastGEM,14129
YOR221C,gene from yeastGEM,2466
YDL055C,gene from yeastGEM,1425
YER003C,gene from yeastGEM,2522
YDR502C,gene from yeastGEM,815
YLR180W,gene from yeastGEM,4643
YBL013W,gene from yeastGEM,6428
YGR264C,gene from yeastGEM,3597
YGR171C,gene from yeastGEM,4824
YKR080W,gene from yeastGEM,1890
YPR006C,gene from yeastGEM,4103
YMR208W,gene from yeastGEM,3838
YNR043W,gene from yeastGEM,3993
YBR036C,gene from yeastGEM,2790
YBR161W,gene from yeastGEM,3267
YPL057C,gene from yeastGEM,6351
YDR287W,gene from yeastGEM,3810
YHR046C,gene from yeastGEM,2353
YJL153C,gene from yeastGEM,4210
YFL017C,gene from yeastGEM,4182
YJL071W,gene from yeastGEM,5570
YMR062C,gene from yeastGEM,4946
YDR428C,gene from yeastGEM,2373
YDR402C,gene from yeastGEM,5086
YGL067W,gene from yeastGEM,3554
YEL041W,gene from yeastGEM,9748
YJR049C,gene from yeastGEM,2611
YPL188W,gene from yeastGEM,2302
YDL042C,gene from yeastGEM,3217
YDR191W,gene from yeastGEM,3313
YOL068C,gene from yeastGEM,2051
YOR025W,gene from yeastGEM,10292
YPL015C,gene from yeastGEM,3716
YHR074W,gene from yeastGEM,2932
YDL085W,gene from yeastGEM,3542
YMR145C,gene from yeastGEM,7551
YML120C,gene from yeastGEM,7552
YOR209C,gene from yeastGEM,2665
YGL037C,gene from yeastGEM,1521
YLR285W,gene from yeastGEM,3493
YLR328W,gene from yeastGEM,3176
YGR010W,gene from yeastGEM,3547
YFR047C,gene from yeastGEM,2507
YEL042W,gene from yeastGEM,2303
YKL067W,gene from yeastGEM,4926
YJL088W,gene from yeastGEM,1066
YKL184W,gene from yeastGEM,13166
YLR438W,gene from yeastGEM,3326
YML106W,gene from yeastGEM,975
YMR271C,gene from yeastGEM,1732
YEL021W,gene from yeastGEM,643
YGR277C,gene from yeastGEM,1404
YDR531W,gene from yeastGEM,4652
YIL145C,gene from yeastGEM,4738
YJR019C,gene from yeastGEM,2383
YFL022C,gene from yeastGEM,4738
YLR060W,gene from yeastGEM,5013
YPR047W,gene from yeastGEM,2003
YDR380W,gene from yeastGEM,4904
YGL234W,gene from yeastGEM,2412
YEL058W,gene from yeastGEM,10649
YPR167C,gene from yeastGEM,2103
YKR097W,gene from yeastGEM,8644
YGR007W,gene from yeastGEM,4135
YMR205C,gene from yeastGEM,7252
YGR240C,gene from yeastGEM,12946
YMR105C,gene from yeastGEM,3829
YKL127W,gene from yeastGEM,7256
YMR278W,gene from yeastGEM,3909
YGR256W,gene from yeastGEM,7303
YHR183W,gene from yeastGEM,1463
YER081W,gene from yeastGEM,1335
YIL074C,gene from yeastGEM,1599
YCR012W,gene from yeastGEM,670
YFL045C,gene from yeastGEM,3445
YMR220W,gene from yeastGEM,5649
YIL083C,gene from yeastGEM,2692
YKL088W,gene from yeastGEM,5368
YKR072C,gene from yeastGEM,7074
YOR054C,gene from yeastGEM,7129
YAR015W,gene from yeastGEM,5436
YOR128C,gene from yeastGEM,5026
YDR007W,gene from yeastGEM,1612
YMR300C,gene from yeastGEM,2547
YKL181W,gene from yeastGEM,2642
YER099C,gene from yeastGEM,744
YHL011C,gene from yeastGEM,1635
YBL068W,gene from yeastGEM,1133
YOL061W,gene from yeastGEM,5177
YOL068W,gene from yeastGEM,0
YGR208W,gene from yeastGEM,3645
YOR184W,gene from yeastGEM,4403
YBR183W,gene from yeastGEM,3983
YDR294C,gene from yeastGEM,6245
YMR020W,gene from yeastGEM,3277
YGL040C,gene from yeastGEM,849
YNL316C,gene from yeastGEM,7992
YBR166C,gene from yeastGEM,8488
YLR142W,gene from yeastGEM,2203
YHR020W,gene from yeastGEM,6970
YER014W,gene from yeastGEM,4569
YDR400W,gene from yeastGEM,5989
YLR209C,gene from yeastGEM,430
YBR035C,gene from yeastGEM,950
YBR218C,gene from yeastGEM,12546
YGL062W,gene from yeastGEM,9311
YBR221C,gene from yeastGEM,2017
YER178W,gene from yeastGEM,4032
YGR193C,gene from yeastGEM,5876
YNL071W,gene from yeastGEM,3611
YAL038W,gene from yeastGEM,820
YOR347C,gene from yeastGEM,3585
YDR236C,gene from yeastGEM,1356
YOL143C,gene from yeastGEM,3990
YBR256C,gene from yeastGEM,2956
YER070W,gene from yeastGEM,4571
YGR180C,gene from yeastGEM,1459
YIL066C,gene from yeastGEM,5033
YJL026W,gene from yeastGEM,4814
YOR095C,gene from yeastGEM,3350
YNL129W,gene from yeastGEM,1349
YJL121C,gene from yeastGEM,1114
YML008C,gene from yeastGEM,3554
YJL068C,gene from yeastGEM,4065
YIR034C,gene from yeastGEM,7706
YNR050C,gene from yeastGEM,2084
YDL040C,gene from yeastGEM,5434
YGR147C,gene from yeastGEM,4982
YHR013C,gene from yeastGEM,2512
YBR058C-A,gene from yeastGEM,734
YDR062W,gene from yeastGEM,2919
YMR296C,gene from yeastGEM,5426
YDR023W,gene from yeastGEM,932
YHR011W,gene from yeastGEM,4866
YBR213W,gene from yeastGEM,5690
YPR069C,gene from yeastGEM,1228
YLR146C,gene from yeastGEM,1928
YJL134W,gene from yeastGEM,2844
YKR053C,gene from yeastGEM,1911
YLR260W,gene from yeastGEM,4933
YOR171C,gene from yeastGEM,5266
YGR175C,gene from yeastGEM,3160
YHR190W,gene from yeastGEM,3772
YDR178W,gene from yeastGEM,1322
YJL045W,gene from yeastGEM,5997
YKL141W,gene from yeastGEM,7846
YLL041C,gene from yeastGEM,1063
YKL148C,gene from yeastGEM,3105
YBR006W,gene from yeastGEM,8488
YIL162W,gene from yeastGEM,12217
YJR010W,gene from yeastGEM,3468
YFR030W,gene from yeastGEM,7401
YJR137C,gene from yeastGEM,7539
YLL057C,gene from yeastGEM,3980
YKL132C,gene from yeastGEM,9399
YOR241W,gene from yeastGEM,3583
YOR143C,gene from yeastGEM,8587
YIL010W,gene from yeastGEM,6110
YDR353W,gene from yeastGEM,2033
YHR106W,gene from yeastGEM,990
YIL078W,gene from yeastGEM,7812
YKL194C,gene from yeastGEM,8125
YOR074C,gene from yeastGEM,3877
YBR003W,gene from yeastGEM,5588
YLR354C,gene from yeastGEM,1145
YBR117C,gene from yeastGEM,6173
YPR074C,gene from yeastGEM,4482
YDR050C,gene from yeastGEM,692
YGL026C,gene from yeastGEM,3201
YOL097C,gene from yeastGEM,2769
YDR268W,gene from yeastGEM,2297
YGR185C,gene from yeastGEM,2067
YPL097W,gene from yeastGEM,2165
YLR189C,gene from yeastGEM,15889
YDL103C,gene from yeastGEM,9852
YBR019C,gene from yeastGEM,2813
YKL024C,gene from yeastGEM,3760
YHR128W,gene from yeastGEM,313
YIR032C,gene from yeastGEM,4179
YDR047W,gene from yeastGEM,1146
YKR069W,gene from yeastGEM,9371
YOR278W,gene from yeastGEM,1663
YKL035W,gene from yeastGEM,2154
YGR094W,gene from yeastGEM,6196
YJR133W,gene from yeastGEM,2006
YLR070C,gene from yeastGEM,4605
YGR194C,gene from yeastGEM,5320
YFL001W,gene from yeastGEM,6040
YGL063W,gene from yeastGEM,3003
YNL292W,gene from yeastGEM,1763
YPL212C,gene from yeastGEM,3756
YEL029C,gene from yeastGEM,2738
YKR043C,gene from yeastGEM,3451
YDL066W,gene from yeastGEM,2737
YKL182W,gene from yeastGEM,16189
YPL231W,gene from yeastGEM,22732
YER061C,gene from yeastGEM,2447
YKL055C,gene from yeastGEM,4702
YHR067W,gene from yeastGEM,2085
YBR026C,gene from yeastGEM,3772
YJL196C,gene from yeastGEM,2416
YBR159W,gene from yeastGEM,7662
YJL097W,gene from yeastGEM,847
YDL015C,gene from yeastGEM,2983
YGL055W,gene from yeastGEM,4575
YOR317W,gene from yeastGEM,2393
YMR246W,gene from yeastGEM,6809
YIL009W,gene from yeastGEM,10060
YBR041W,gene from yeastGEM,4590
YLR284C,gene from yeastGEM,8422
YOR180C,gene from yeastGEM,1910
YNL202W,gene from yeastGEM,2748
YBL011W,gene from yeastGEM,11784
YKR067W,gene from yeastGEM,12532
YIL124W,gene from yeastGEM,2729
YOR175C,gene from yeastGEM,3396
YDL052C,gene from yeastGEM,2891
YKR089C,gene from yeastGEM,7292
YOR081C,gene from yeastGEM,11276
YMR165C,gene from yeastGEM,12982
YDR284C,gene from yeastGEM,2432
YDR503C,gene from yeastGEM,5480
YOR245C,gene from yeastGEM,3515
YBR029C,gene from yeastGEM,2388
YER026C,gene from yeastGEM,5982
YPR113W,gene from yeastGEM,1553
YBR042C,gene from yeastGEM,11130
YNL169C,gene from yeastGEM,2685
YGR170W,gene from yeastGEM,9789
YGR157W,gene from yeastGEM,18128
YJR073C,gene from yeastGEM,2208
YOR311C,gene from yeastGEM,1925
YHR123W,gene from yeastGEM,1648
YNL130C,gene from yeastGEM,2323
YCL004W,gene from yeastGEM,2305
YHR100C,gene from yeastGEM,1964
YDL142C,gene from yeastGEM,2812
YGR110W,gene from yeastGEM,2745
YPR140W,gene from yeastGEM,1414
YJL100W,gene from yeastGEM,7304
YLR305C,gene from yeastGEM,23928
YDR373W,gene from yeastGEM,611
YNL267W,gene from yeastGEM,10640
YBR097W,gene from yeastGEM,15439
YLR240W,gene from yeastGEM,10017
YDR208W,gene from yeastGEM,7637
YFR019W,gene from yeastGEM,30373
YNR008W,gene from yeastGEM,2572
YML059C,gene from yeastGEM,8078
YMR008C,gene from yeastGEM,6058
YMR006C,gene from yeastGEM,7471
YOL011W,gene from yeastGEM,5954
YPL268W,gene from yeastGEM,16792
YPL206C,gene from yeastGEM,5044
YKR031C,gene from yeastGEM,29122
YNL106C,gene from yeastGEM,10656
YOR109W,gene from yeastGEM,21086
YJR110W,gene from yeastGEM,4249
YKL212W,gene from yeastGEM,3756
YIL002C,gene from yeastGEM,3726
YOL065C,gene from yeastGEM,11313
YLR386W,gene from yeastGEM,11424
YNL325C,gene from yeastGEM,10695
YKL140W,gene from yeastGEM,3857
YLL012W,gene from yeastGEM,7933
YLR020C,gene from yeastGEM,4406
YBR204C,gene from yeastGEM,9824
YMR313C,gene from yeastGEM,2686
YDR058C,gene from yeastGEM,3155
YKL094W,gene from yeastGEM,4845
YDR135C,gene from yeastGEM,13188
YLL048C,gene from yeastGEM,9751
YBR127C,gene from yeastGEM,1418
YDL185W,gene from yeastGEM,15996
YEL027W,gene from yeastGEM,75
YEL051W,gene from yeastGEM,256
YGR020C,gene from yeastGEM,964
YHR026W,gene from yeastGEM,910
YHR039C-A,gene from yeastGEM,1539
YKL080W,gene from yeastGEM,2023
YLR447C,gene from yeastGEM,7183
YMR054W,gene from yeastGEM,4762
YOR332W,gene from yeastGEM,708
YPL234C,gene from yeastGEM,1924
YPR036W,gene from yeastGEM,1852
YOR270C,gene from yeastGEM,9843
YOR222W,gene from yeastGEM,2061
YPL134C,gene from yeastGEM,633
YDL210W,gene from yeastGEM,6999
YOR348C,gene from yeastGEM,7228
YNR056C,gene from yeastGEM,6188
YCR010C,gene from yeastGEM,170
YER056C,gene from yeastGEM,6880
YER060W,gene from yeastGEM,1380
YER060W-A,gene from yeastGEM,4894
YGL186C,gene from yeastGEM,4765
YAL022C,gene from yeastGEM,4882
YBL030C,gene from yeastGEM,6244
YBR085W,gene from yeastGEM,3278
YMR056C,gene from yeastGEM,3826
YPR128C,gene from yeastGEM,1423
YMR241W,gene from yeastGEM,1778
YJR152W,gene from yeastGEM,4258
YIR028W,gene from yeastGEM,11763
YDR384C,gene from yeastGEM,1122
YGR121C,gene from yeastGEM,2408
YNL142W,gene from yeastGEM,7008
YPR138C,gene from yeastGEM,1834
YPR021C,gene from yeastGEM,7313
YGR065C,gene from yeastGEM,5582
YOR100C,gene from yeastGEM,2377
YGL077C,gene from yeastGEM,2160
YBR291C,gene from yeastGEM,2192
YHR002W,gene from yeastGEM,1263
YBR192W,gene from yeastGEM,5067
YDL245C,gene from yeastGEM,0
YDR342C,gene from yeastGEM,265
YDR343C,gene from yeastGEM,4
YDR345C,gene from yeastGEM,6091
YEL069C,gene from yeastGEM,6312
YFL011W,gene from yeastGEM,6194
YHR092C,gene from yeastGEM,6813
YHR094C,gene from yeastGEM,4282
YHR096C,gene from yeastGEM,3622
YJL214W,gene from yeastGEM,17037
YJL219W,gene from yeastGEM,298
YJR158W,gene from yeastGEM,0
YMR011W,gene from yeastGEM,2651
YNR072W,gene from yeastGEM,2772
YOL156W,gene from yeastGEM,875
YDR536W,gene from yeastGEM,4214
YLR081W,gene from yeastGEM,8000
YNL318C,gene from yeastGEM,7432
YKL217W,gene from yeastGEM,5066
YIL013C,gene from yeastGEM,8157
YOR011W,gene from yeastGEM,16247
YIL134W,gene from yeastGEM,5197
YGL225W,gene from yeastGEM,3661
YDL247W,gene from yeastGEM,0
YJR160C,gene from yeastGEM,5
YJL212C,gene from yeastGEM,19762
YLL015W,gene from yeastGEM,20803
YCR098C,gene from yeastGEM,8896
YGL084C,gene from yeastGEM,3655
YPL189W,gene from yeastGEM,5764
YLL043W,gene from yeastGEM,6436
YCL025C,gene from yeastGEM,6394
YKR039W,gene from yeastGEM,8995
YOL020W,gene from yeastGEM,3969
YPL265W,gene from yeastGEM,4959
YDL198C,gene from yeastGEM,2891
YDR497C,gene from yeastGEM,11877
YOL103W,gene from yeastGEM,5507
YMR319C,gene from yeastGEM,10058
YMR058W,gene from yeastGEM,10408
YBR068C,gene from yeastGEM,4339
YDR046C,gene from yeastGEM,3401
YEL063C,gene from yeastGEM,4075
YNL270C,gene from yeastGEM,6260
YBR293W,gene from yeastGEM,4814
YDR508C,gene from yeastGEM,19758
YJR001W,gene from yeastGEM,2788
YKL146W,gene from yeastGEM,5967
YNL101W,gene from yeastGEM,6053
YER119C,gene from yeastGEM,3102
YFL055W,gene from yeastGEM,13843
YBR132C,gene from yeastGEM,10313
YBR069C,gene from yeastGEM,10251
YCR075C,gene from yeastGEM,2008
YCL069W,gene from yeastGEM,20
YMR088C,gene from yeastGEM,10289
YGR191W,gene from yeastGEM,11907
YCL038C,gene from yeastGEM,2028
YNL268W,gene from yeastGEM,8509
YGR055W,gene from yeastGEM,3100
YHL036W,gene from yeastGEM,2331
YLR348C,gene from yeastGEM,1392
YBR298C,gene from yeastGEM,6413
YGR289C,gene from yeastGEM,11127
YBR180W,gene from yeastGEM,13929
YEL006W,gene from yeastGEM,1249
YIL006W,gene from yeastGEM,3572
YGR260W,gene from yeastGEM,4540
YOR130C,gene from yeastGEM,1512
BAC1,gene from yeastGEM,0
YKL120W,gene from yeastGEM,3544
YCR028C,gene from yeastGEM,2864
YBR296C,gene from yeastGEM,5828
YCR037C,gene from yeastGEM,5525
YJL198W,gene from yeastGEM,17096
YML123C,gene from yeastGEM,9946
YNR013C,gene from yeastGEM,5144
YER053C,gene from yeastGEM,1211
YJR077C,gene from yeastGEM,2261
YJL129C,gene from yeastGEM,9692
YKL174C,gene from yeastGEM,6645
YLL028W,gene from yeastGEM,7146
YOR273C,gene from yeastGEM,7262
YPL274W,gene from yeastGEM,7056
YNL003C,gene from yeastGEM,639
YLL061W,gene from yeastGEM,10937
YLR138W,gene from yeastGEM,5698
YHL016C,gene from yeastGEM,10688
YGR138C,gene from yeastGEM,1921
YPR156C,gene from yeastGEM,4317
YJR095W,gene from yeastGEM,2203
YBR294W,gene from yeastGEM,4672
YLR092W,gene from yeastGEM,12050
YPL092W,gene from yeastGEM,4664
YGR096W,gene from yeastGEM,1574
YLR237W,gene from yeastGEM,16593
YOR071C,gene from yeastGEM,6101
YOR192C,gene from yeastGEM,5008
YPL244C,gene from yeastGEM,4457
YBR021W,gene from yeastGEM,2717
YBL042C,gene from yeastGEM,8075
YLL052C,gene from yeastGEM,2556
YPR192W,gene from yeastGEM,7745
YGL080W,gene from yeastGEM,2336
YGR243W,gene from yeastGEM,479
YHR162W,gene from yeastGEM,726
YKL188C,gene from yeastGEM,10220
YPL147W,gene from yeastGEM,10339
YDR072C,gene from yeastGEM,10322
YDR367W,gene from yeastGEM,967
YKL004W,gene from yeastGEM,1105
YUBIC,gene from yeastGEM,0
YDR071C,gene from yeastGEM,656
YAL026C,new metabolic gene,6530
YAL035W,new metabolic gene,9322
YAL039C,new metabolic gene,2278
YAL061W,new metabolic gene,8764
YAR073W,new metabolic gene,0
YBL035C,new metabolic gene,12225
YBL057C,new metabolic gene,600
YBL080C,new metabolic gene,9029
YBL082C,new metabolic gene,2618
YBL091C,new metabolic gene,1185
YBR001C,new metabolic gene,10685
YBR022W,new metabolic gene,1350
YBR046C,new metabolic gene,4009
YBR070C,new metabolic gene,4606
YBR111C,new metabolic gene,4117
YBR147W,new metabolic gene,9920
YBR154C,new metabolic gene,2004
YBR177C,new metabolic gene,5250
YBR222C,new metabolic gene,5398
YBR229C,new metabolic gene,15806
YBR235W,new metabolic gene,14457
YBR241C,new metabolic gene,3311
YBR243C,new metabolic gene,2035
YBR278W,new metabolic gene,1452
YBR281C,new metabolic gene,4546
YBR295W,new metabolic gene,17859
YCL017C,new metabolic gene,5084
YCL047C,new metabolic gene,3275
YCR011C,new metabolic gene,3277
YCR014C,new metabolic gene,4272
YCR068W,new metabolic gene,7546
YCR107W,new metabolic gene,4014
YEL002C,new metabolic gene,1186
YEL004W,new metabolic gene,1184
YEL011W,new metabolic gene,3682
YEL031W,new metabolic gene,9179
YEL064C,new metabolic gene,4986
YEL066W,new metabolic gene,2296
YEL070W,new metabolic gene,256
YER001W,new metabolic gene,8746
YER010C,new metabolic gene,975
YER042W,new metabolic gene,846
YER087W,new metabolic gene,3927
YER141W,new metabolic gene,2520
YER163C,new metabolic gene,4336
YER166W,new metabolic gene,16020
YHL012W,new metabolic gene,12223
YHL018W,new metabolic gene,311
YHR001W,new metabolic gene,4108
YHR008C,new metabolic gene,1069
YHR043C,new metabolic gene,3024
YHR044C,new metabolic gene,2188
YHR109W,new metabolic gene,5270
YHR116W,new metabolic gene,959
YHR119W,new metabolic gene,8518
YHR143W-A,new metabolic gene,792
YHR179W,new metabolic gene,4351
YHR189W,new metabolic gene,1734
YHR201C,new metabolic gene,4446
YIL014W,new metabolic gene,7281
YIL021W,new metabolic gene,458
YIL023C,new metabolic gene,5429
YIL043C,new metabolic gene,3986
YIL048W,new metabolic gene,11138
YIL049W,new metabolic gene,8798
YIR008C,new metabolic gene,2627
YIR036C,new metabolic gene,3199
YIR038C,new metabolic gene,3811
YKL045W,new metabolic gene,8373
YKL069W,new metabolic gene,1749
YKL087C,new metabolic gene,1987
YKL103C,new metabolic gene,5547
YKL144C,new metabolic gene,1987
YKL150W,new metabolic gene,3026
YKL215C,new metabolic gene,16927
YKL218C,new metabolic gene,2677
YKL220C,new metabolic gene,7689
YKR002W,new metabolic gene,2568
YKR003W,new metabolic gene,2295
YKR025W,new metabolic gene,2581
YKR076W,new metabolic gene,2651
YKR093W,new metabolic gene,12374
YFL061W,new metabolic gene,0
YFL060C,new metabolic gene,0
YFL059W,new metabolic gene,1
YFL058W,new metabolic gene,2
YFL054C,new metabolic gene,12808
YFL036W,new metabolic gene,14291
YFR044C,new metabolic gene,5362
YFR055W,new metabolic gene,1659
YDL021W,new metabolic gene,2405
YDL024C,new metabolic gene,3725
YDL102W,new metabolic gene,9958
YDL120W,new metabolic gene,767
YDL140C,new metabolic gene,5412
YDL150W,new metabolic gene,8394
YDL164C,new metabolic gene,8014
YDL166C,new metabolic gene,3809
YDL193W,new metabolic gene,6298
YDL219W,new metabolic gene,3845
YDL232W,new metabolic gene,7
YDL236W,new metabolic gene,2658
YDL243C,new metabolic gene,3365
YDL244W,new metabolic gene,42
YDL246C,new metabolic gene,0
YDR009W,new metabolic gene,4493
YDR020C,new metabolic gene,769
YDR036C,new metabolic gene,662
YDR038C,new metabolic gene,203
YDR039C,new metabolic gene,0
YDR040C,new metabolic gene,875
YDR045C,new metabolic gene,92
YDR051C,new metabolic gene,2117
YDR093W,new metabolic gene,9199
YDR105C,new metabolic gene,2094
YDR111C,new metabolic gene,4082
YDR121W,new metabolic gene,2057
YDR156W,new metabolic gene,651
YDR231C,new metabolic gene,3120
YDR242W,new metabolic gene,4064
YDR248C,new metabolic gene,706
YDR270W,new metabolic gene,7236
YDR307W,new metabolic gene,6002
YDR352W,new metabolic gene,5060
YDR371W,new metabolic gene,4133
YDR387C,new metabolic gene,4750
YDR404C,new metabolic gene,367
YDR410C,new metabolic gene,1542
YDR419W,new metabolic gene,3777
YDR437W,new metabolic gene,2146
YDR440W,new metabolic gene,5616
YDR441C,new metabolic gene,3249
YDR452W,new metabolic gene,4025
YDR456W,new metabolic gene,4076
YDR516C,new metabolic gene,4795
YDR533C,new metabolic gene,6105
YGL006W,new metabolic gene,9709
YGL017W,new metabolic gene,8560
YGL018C,new metabolic gene,3176
YGL022W,new metabolic gene,2736
YGL027C,new metabolic gene,6460
YGL038C,new metabolic gene,3372
YGL047W,new metabolic gene,1569
YGL065C,new metabolic gene,4125
YGL070C,new metabolic gene,1680
YGL104C,new metabolic gene,3287
YGL156W,new metabolic gene,17712
YGL167C,new metabolic gene,10128
YGL169W,new metabolic gene,7983
YGL196W,new metabolic gene,8981
YGL226C-A,new metabolic gene,3158
YGL257C,new metabolic gene,23319
YGR012W,new metabolic gene,3672
YGR036C,new metabolic gene,2084
YGR043C,new metabolic gene,1753
YGR046W,new metabolic gene,3428
YGR062C,new metabolic gene,1490
YGR144W,new metabolic gene,3720
YGR154C,new metabolic gene,5648
YGR199W,new metabolic gene,12306
YGR216C,new metabolic gene,2707
YGR227W,new metabolic gene,8874
YGR234W,new metabolic gene,4364
YHR001W-A,new metabolic gene,1251
YJL002C,new metabolic gene,3635
YJL003W,new metabolic gene,176
YJL011C,new metabolic gene,332
YJL046W,new metabolic gene,4510
YJL062W,new metabolic gene,5435
YJL126W,new metabolic gene,3610
YJL140W,new metabolic gene,2447
YJL148W,new metabolic gene,3617
YJL168C,new metabolic gene,6055
YJL180C,new metabolic gene,4493
YJL200C,new metabolic gene,10917
YJR006W,new metabolic gene,6306
YJR040W,new metabolic gene,7911
YJR043C,new metabolic gene,8190
YJR051W,new metabolic gene,1937
YJR063W,new metabolic gene,523
YJR069C,new metabolic gene,1108
YJR104C,new metabolic gene,2932
YJR117W,new metabolic gene,2771
YJR131W,new metabolic gene,3768
YJR149W,new metabolic gene,4662
YJR155W,new metabolic gene,2345
YJR156C,new metabolic gene,1
YLL001W,new metabolic gene,2170
YLL051C,new metabolic gene,5659
YLL058W,new metabolic gene,15451
YLL060C,new metabolic gene,5888
YLR047C,new metabolic gene,6872
YLR057W,new metabolic gene,15585
YLR099C,new metabolic gene,5152
YLR143W,new metabolic gene,3850
YLR151C,new metabolic gene,1006
YLR164W,new metabolic gene,1784
YLR214W,new metabolic gene,4863
YLR239C,new metabolic gene,2588
YLR244C,new metabolic gene,414
YLR286C,new metabolic gene,13856
YLR345W,new metabolic gene,10953
YLR351C,new metabolic gene,5209
YLR369W,new metabolic gene,6800
YLR393W,new metabolic gene,1065
YLR446W,new metabolic gene,10549
YML019W,new metabolic gene,5435
YML082W,new metabolic gene,7826
YML125C,new metabolic gene,396
YMR084W,new metabolic gene,3871
YMR087W,new metabolic gene,6937
YMR099C,new metabolic gene,989
YMR110C,new metabolic gene,8899
YMR149W,new metabolic gene,3653
YMR162C,new metabolic gene,12394
YMR210W,new metabolic gene,3113
YMR243C,new metabolic gene,4494
YMR251W,new metabolic gene,3947
YMR274C,new metabolic gene,2073
YMR301C,new metabolic gene,7565
YMR306W,new metabolic gene,12475
YMR322C,new metabolic gene,2
YMR323W,new metabolic gene,4
YNL036W,new metabolic gene,3490
YNL038W,new metabolic gene,1425
YNL048W,new metabolic gene,3434
YNL092W,new metabolic gene,1981
YNL094W,new metabolic gene,3429
YNL102W,new metabolic gene,11992
YNL113W,new metabolic gene,809
YNL151C,new metabolic gene,1764
YNL191W,new metabolic gene,2784
YNL219C,new metabolic gene,2573
YNL229C,new metabolic gene,700
YNL248C,new metabolic gene,4053
YNL262W,new metabolic gene,18706
YNL274C,new metabolic gene,3457
YNL275W,new metabolic gene,6029
YNL315C,new metabolic gene,4905
YNL331C,new metabolic gene,8389
YNL332W,new metabolic gene,1
YNL333W,new metabolic gene,0
YNL334C,new metabolic gene,0
YNL335W,new metabolic gene,0
YNR003C,new metabolic gene,397
YNR027W,new metabolic gene,3155
YNR030W,new metabolic gene,8097
YNR060W,new metabolic gene,4932
YNR073C,new metabolic gene,240
YOL005C,new metabolic gene,412
YOL075C,new metabolic gene,4636
YOL092W,new metabolic gene,3739
YOL152W,new metabolic gene,11197
YOL157C,new metabolic gene,319
YOL165C,new metabolic gene,82
YOR002W,new metabolic gene,3884
YOR067C,new metabolic gene,5903
YOR085W,new metabolic gene,2256
YOR103C,new metabolic gene,4270
YOR116C,new metabolic gene,11907
YOR149C,new metabolic gene,11041
YOR151C,new metabolic gene,11093
YOR161C,new metabolic gene,4726
YOR196C,new metabolic gene,3098
YOR207C,new metabolic gene,7205
YOR210W,new metabolic gene,110
YOR224C,new metabolic gene,100
YOR226C,new metabolic gene,917
YOR251C,new metabolic gene,2615
YOR283W,new metabolic gene,1645
YOR285W,new metabolic gene,1693
YOR286W,new metabolic gene,1038
YOR316C,new metabolic gene,2831
YOR330C,new metabolic gene,11538
YOR334W,new metabolic gene,6013
YOR340C,new metabolic gene,3567
YOR341W,new metabolic gene,7512
YOR356W,new metabolic gene,5030
YOR381W,new metabolic gene,8866
YOR384W,new metabolic gene,5723
YOR391C,new metabolic gene,72
YOR393W,new metabolic gene,0
YPL006W,new metabolic gene,7953
YPL060W,new metabolic gene,5329
YPL076W,new metabolic gene,1539
YPL088W,new metabolic gene,6709
YPL132W,new metabolic gene,1157
YPL135W,new metabolic gene,973
YPL167C,new metabolic gene,20670
YPL171C,new metabolic gene,4777
YPL175W,new metabolic gene,2125
YPL227C,new metabolic gene,4250
YPL280W,new metabolic gene,0
YPL281C,new metabolic gene,0
YPR003C,new metabolic gene,4292
YPR010C,new metabolic gene,12114
YPR110C,new metabolic gene,3391
YPR127W,new metabolic gene,4211
YPR139C,new metabolic gene,3817
YPR175W,new metabolic gene,7536
YPR187W,new metabolic gene,715
YPR190C,new metabolic gene,6343
YLL018C-A,new metabolic gene,1635
YOL077W-A,new metabolic gene,664
YPL096C-A,new metabolic gene,350
YCL005W-A,new metabolic gene,950
YIL168W,new metabolic gene,0
YIL167W,new metabolic gene,0
